{
  "timestamp": "2026-03-27T21:11:18.138Z",
  "classification": {
    "type_accuracy": 0.7666666666666667,
    "category_accuracy": 0.8333333333333334,
    "no_prediction_rate": 0,
    "total": 30
  },
  "ranking": {
    "accuracy": 0.8,
    "total": 5
  }
}